Region,data,demand,electricity_cost,gas_cost,sun_index
7,,100000,100000,3.321169763,2.047647486
8,,50000,100000,5,3.32
9,,0,100000,6,3.32
